{
  "schemaVersion": 2,
  "type": "single-sprite-square-textured",
  "texture": "minecraft:optifine/sky/world0/shootingstar03.png",
  "blend": {
    "type": "custom",
    "blender": {
      "sourceFactor": 770,
      "destinationFactor": 1,
      "equation": 32774,
      "redAlphaEnabled": false,
      "greenAlphaEnabled": false,
      "blueAlphaEnabled": false,
      "alphaEnabled": true
    }
  },
  "properties": {
    "priority": 13,
    "fade": {
      "startFadeIn": 12500,
      "endFadeIn": 12516,
      "startFadeOut": 12550,
      "endFadeOut": 12566
    },
    "rotation": {
      "axis": [
        0.0,
        -18.0,
        0.0
      ],
      "rotationSpeedY": -100.0
    },
    "transitionInDuration": 20,
    "transitionOutDuration": 20
  },
  "conditions": {
    "weather": [
      "clear",
      "snow"
    ],
    "worlds": [
      "minecraft:overworld"
    ]
  }
}